Timestamp,What is your age?,Gender,Class,City/ Residencial status,City/ Residencial status,City/ Residencial status,City/ Residencial status,How many hours do you play Video Games in  a day?,"How much time do you play ""violent"" video games specifically?",What changes on behaviour have you experienced in yourself after playing violent video games?,Some of my Friends think I am hothead,Some of my Friends think I am hothead,"When people are especially nice to me, I wonder what they want",I tell my friends openly when I disagree with them,"Once I became so mad, I broke things",When people disagree with me I get into arguments,When I argue I use abusive language,I am a hot-tempered person,I am suspicious of strangers who are too friendly,I have threatened some people whom I know,I can get angry suddenly but get over it quickly,"If I am provoked enough, I will hit another person","When people annoy me, I openly tell them what I think of them",I may hit a person for no good reason,Sometimes I feel I am being treated unfairly,I have trouble controlling my temper,"When frustrated, I show my irritation",Sometimes I feel people are laughing behind my back,I often disagree with people,"If somebody hits me, I hit back",I sometimes feel like exploding for no good reason,I feel other people always take over the oppurtunity and I miss it,there are people who pushed me so far that we begin fighting,"I know that some so called ""friends"" talk about me behind my back",My friends say that I am a bit argumentative,Sometimes I lose temper for no good reason,I get into fights a little more than a normal person,sometimes I can not control the feeling to hit another person ,I sometimes get too much jealous from people,I dont know why sometimes I feel bitter about things,"Have you ever been involved in delinquent behaviour? like stealing, breaking things of others",Do you believe that playing violent video games can lead to aggressive behavior in real life?
07-11-2023 22:16,20,male,12th,uttar pradesh,uttar pradesh,uttar pradesh,uttar pradesh,more than 3 hour,more than 2 hour,Frustation,agree,agree,Neither agree nor disagree,Strongly disagree,Strongly disagree,Strongly agree,Disagree,Disagree,Disagree,Strongly disagree,Agree,Strongly disagree,Strongly agree,Strongly disagree,Disagree,Strongly disagree,Agree,Disagree,Disagree,Disagree,Neither agree nor disagree,Disagree,Agree,Agree,Agree,Strongly disagree,Disagree,,,,no,yes
07-11-2023 23:01,18,male,11th,uttar pradesh,uttar pradesh,uttar pradesh,uttar pradesh,more than 3 hour,more than 2 hour,Agerresion .  voilent stunt,strongly disagree,strongly disagree,Agree,Agree,Agree,Agree,Agree,Agree,Agree,Agree,Agree,Agree,Agree,Agree,Agree,Agree,Agree,Agree,Neither agree nor disagree,Strongly agree,Agree,Agree,Agree,Agree,Strongly agree,Agree,Agree,Agree,Neither agree nor disagree,Disagree,yes,yes
07-11-2023 23:11,16,male,11th,uttar pradesh ,uttar pradesh ,uttar pradesh ,uttar pradesh ,more than 1 hour,more than 1 hour,aggressive ,disagree,disagree,Neither agree nor disagree,Agree,Neither agree nor disagree,Neither agree nor disagree,Agree,Agree,Neither agree nor disagree,Disagree,Neither agree nor disagree,Agree,Agree,Disagree,Agree,Disagree,Disagree,Neither agree nor disagree,Disagree,Disagree,Disagree,Neither agree nor disagree,Disagree,Neither agree nor disagree,Neither agree nor disagree,Neither agree nor disagree,Disagree,Strongly disagree,Strongly disagree,Disagree,yes,yes
07-11-2023 23:12,19,female,12th,uttar pradesh,uttar pradesh,uttar pradesh,uttar pradesh,less than 1 hour,less than 1 hour,feel fresh,strongly disagree,strongly disagree,Strongly agree,Agree,Strongly agree,Disagree,Strongly disagree,Disagree,Disagree,Disagree,Strongly agree,Disagree,Disagree,Disagree,Agree,Strongly agree,Disagree,Disagree,Agree,Strongly disagree,Agree,Disagree,Strongly disagree,Agree,Disagree,Disagree,Disagree,Disagree,Strongly disagree,Disagree,no,yes
07-11-2023 23:14,19,male,12th,ghaziabad ,ghaziabad ,ghaziabad ,ghaziabad ,more than 2 hour,more than 2 hour,Aggression ,agree,agree,Neither agree nor disagree,Disagree,Agree,Agree,Neither agree nor disagree,Neither agree nor disagree,Neither agree nor disagree,Agree,Neither agree nor disagree,Agree,Agree,Neither agree nor disagree,Neither agree nor disagree,Neither agree nor disagree,Neither agree nor disagree,Neither agree nor disagree,Agree,Agree,Agree,Agree,Agree,Agree,Neither agree nor disagree,Disagree,Disagree,Neither agree nor disagree,Neither agree nor disagree,Agree,yes,yes
07-11-2023 23:17,18,male,Bachelor ,india ,india ,india ,india ,less than 1 hour,less than 1 hour,Always attentive ,disagree,disagree,Agree,Agree,Disagree,Agree,Disagree,Disagree,Disagree,Disagree,Agree,Disagree,Disagree,Disagree,Disagree,Agree,Disagree,Agree,Disagree,Agree,Agree,Agree,Disagree,Agree,Agree,Disagree,Agree,Disagree,Disagree,Disagree,no,yes
07-11-2023 23:22,17,male,10th,mohan nagar,mohan nagar,mohan nagar,mohan nagar,less than 1 hour,less than 1 hour,i think I forget other important things once start playing,disagree,disagree,Neither agree nor disagree,Disagree,Agree,Disagree,Disagree,Neither agree nor disagree,Agree,Agree,Agree,Strongly agree,Neither agree nor disagree,Strongly disagree,Neither agree nor disagree,Disagree,Neither agree nor disagree,Neither agree nor disagree,Agree,Disagree,Strongly disagree,Agree,Agree,Agree,Disagree,Disagree,Disagree,Neither agree nor disagree,Neither agree nor disagree,Agree,yes,yes
07-11-2023 23:22,17,male,12th,uttar pradesh ,uttar pradesh ,uttar pradesh ,uttar pradesh ,less than 1 hour,less than 1 hour,No chnged,strongly disagree,strongly disagree,Agree,Agree,Disagree,Disagree,Strongly disagree,Agree,Agree,Neither agree nor disagree,Agree,Neither agree nor disagree,Disagree,Strongly agree,Agree,Agree,Strongly disagree,Strongly disagree,Strongly disagree,Strongly disagree,Strongly disagree,Strongly disagree,Strongly disagree,Strongly disagree,Disagree,Strongly disagree,Strongly disagree,Strongly disagree,Strongly disagree,Strongly disagree,no,no
07-11-2023 23:31,19,male,Job,varanasi,varanasi,varanasi,varanasi,more than 2 hour,less than 1 hour,No it's depends on your mind??????,strongly disagree,strongly disagree,Agree,Agree,Disagree,Agree,Disagree,Disagree,Agree,Disagree,Strongly disagree,Strongly disagree,Neither agree nor disagree,Neither agree nor disagree,Strongly disagree,Strongly disagree,Disagree,Strongly disagree,Strongly disagree,Strongly disagree,Strongly disagree,Strongly disagree,Agree,Strongly disagree,Strongly disagree,Strongly disagree,Disagree,Disagree,Strongly disagree,Agree,no,no
07-11-2023 23:41,18,male,12th,uttar pradesh ,uttar pradesh ,uttar pradesh ,uttar pradesh ,more than 1 hour,less than 1 hour,"Aggression, anxiety ",disagree,disagree,Agree,Strongly agree,Strongly disagree,Agree,Strongly disagree,Disagree,Disagree,Neither agree nor disagree,Strongly disagree,Strongly disagree,Disagree,Strongly disagree,Strongly disagree,Strongly disagree,Strongly disagree,Disagree,Strongly disagree,Strongly disagree,Strongly disagree,Strongly disagree,Strongly disagree,Strongly disagree,Strongly disagree,Strongly disagree,Strongly disagree,Strongly disagree,Strongly disagree,Disagree,no,no
07-11-2023 23:44,20,male,Uni,House,House,House,House,more than 3 hour,more than 2 hour,"Mostly none , I feel good after a hard day",niether disagree nor agree,niether disagree nor agree,Strongly agree,Agree,Disagree,Neither agree nor disagree,Agree,Neither agree nor disagree,Neither agree nor disagree,Agree,Strongly agree,Neither agree nor disagree,Neither agree nor disagree,Disagree,Strongly agree,Disagree,Neither agree nor disagree,Agree,Neither agree nor disagree,Agree,Neither agree nor disagree,Neither agree nor disagree,Neither agree nor disagree,Strongly agree,Agree,Neither agree nor disagree,Disagree,Disagree,Neither agree nor disagree,Neither agree nor disagree,yes,yes
07-12-2023 00:06,19,male,12th,delhi,delhi,delhi,delhi,less than 1 hour,less than 1 hour,football ,strongly agree,strongly agree,Strongly disagree,Strongly agree,Agree,Neither agree nor disagree,Neither agree nor disagree,Strongly disagree,Agree,Agree,Agree,Disagree,Disagree,Neither agree nor disagree,Agree,Strongly agree,Agree,Neither agree nor disagree,Neither agree nor disagree,Disagree,Neither agree nor disagree,Disagree,Disagree,Disagree,Disagree,Disagree,Strongly disagree,Disagree,Strongly disagree,Neither agree nor disagree,yes,no
07-12-2023 00:44,17,male,11th,delhi,delhi,delhi,delhi,less than 1 hour,less than 1 hour,No,strongly disagree,strongly disagree,Agree,Agree,Disagree,Disagree,Disagree,Disagree,Strongly agree,Agree,Agree,Disagree,Agree,Disagree,Disagree,Agree,Agree,Disagree,Disagree,Disagree,Disagree,Disagree,Disagree,Disagree,Neither agree nor disagree,Disagree,Disagree,Disagree,Agree,Disagree,no,no
07-12-2023 01:21,17,male,12th,uttar pradesh ,uttar pradesh ,uttar pradesh ,uttar pradesh ,more than 1 hour,less than 1 hour,Nothing ,niether disagree nor agree,niether disagree nor agree,Neither agree nor disagree,Agree,Strongly disagree,Agree,Neither agree nor disagree,Agree,Agree,Disagree,Agree,Disagree,Agree,Disagree,Agree,Neither agree nor disagree,Neither agree nor disagree,Agree,Agree,Neither agree nor disagree,Agree,Neither agree nor disagree,Neither agree nor disagree,Agree,Agree,Agree,Strongly disagree,Strongly disagree,Strongly disagree,Disagree,no,no
07-12-2023 05:02,17,male,12th,uttar pradesh Pakistan ,uttar pradesh Pakistan ,uttar pradesh Pakistan ,uttar pradesh Pakistan ,less than 1 hour,less than 1 hour,Nothing much,strongly disagree,strongly disagree,Strongly agree,Neither agree nor disagree,Strongly disagree,Neither agree nor disagree,Agree,Agree,Strongly agree,Disagree,Strongly agree,Neither agree nor disagree,Disagree,Agree,Agree,Agree,Agree,Strongly agree,Agree,Disagree,Strongly disagree,Agree,Disagree,Strongly agree,Neither agree nor disagree,Agree,Neither agree nor disagree,Neither agree nor disagree,Agree,Agree,no,yes
07-12-2023 09:28,18,female,11th,Own,Own,Own,Own,more than 3 hour,less than 1 hour,I feel anger,niether disagree nor agree,niether disagree nor agree,Neither agree nor disagree,Agree,Neither agree nor disagree,Agree,Disagree,Disagree,Agree,Strongly disagree,Neither agree nor disagree,Neither agree nor disagree,Neither agree nor disagree,Disagree,Agree,Neither agree nor disagree,Agree,Agree,Agree,Neither agree nor disagree,Disagree,Agree,Agree,Strongly agree,Strongly agree,Agree,Neither agree nor disagree,Agree,Agree,Agree,yes,yes
07-12-2023 10:41,19,male,12th,kanpur ,kanpur ,kanpur ,kanpur ,more than 1 hour,less than 1 hour,Aggressive behavior ,strongly disagree,strongly disagree,Neither agree nor disagree,Agree,Agree,Neither agree nor disagree,Disagree,Agree,Disagree,Strongly disagree,Strongly agree,Agree,Agree,Disagree,Strongly agree,Strongly agree,Strongly agree,Strongly agree,Agree,Strongly agree,Agree,Strongly agree,Strongly agree,Disagree,Strongly disagree,Strongly agree,Disagree,Agree,Agree,Strongly agree,no,yes
07-12-2023 11:22,17,male,11th,uttar pradesh,uttar pradesh,uttar pradesh,uttar pradesh,more than 2 hour,less than 1 hour,Feeling superstitious ,disagree,disagree,Agree,Strongly disagree,Disagree,Neither agree nor disagree,Disagree,Disagree,Agree,Neither agree nor disagree,Agree,Disagree,Agree,Disagree,Agree,Disagree,Agree,Disagree,Disagree,Disagree,Disagree,Agree,Disagree,Disagree,Disagree,Neither agree nor disagree,Neither agree nor disagree,Disagree,Agree,Neither agree nor disagree,no,yes
07-12-2023 11:32,19,male,12th,uttar pradesh,uttar pradesh,uttar pradesh,uttar pradesh,more than 3 hour,more than 3 hour,Cool Mind ,agree,agree,Neither agree nor disagree,Agree,Strongly agree,Neither agree nor disagree,Strongly disagree,Neither agree nor disagree,Agree,Disagree,Neither agree nor disagree,Neither agree nor disagree,Agree,Strongly disagree,Neither agree nor disagree,Neither agree nor disagree,Disagree,Agree,Neither agree nor disagree,Strongly disagree,Neither agree nor disagree,Neither agree nor disagree,Disagree,Neither agree nor disagree,Neither agree nor disagree,Agree,Agree,Agree,Disagree,Neither agree nor disagree,no,yes
07-12-2023 11:44,17,male,11th,Family,Family,Family,Family,more than 5 hour,more than 5 hour,"Agression, hypertension, losing control on myself",agree,agree,Agree,Disagree,Agree,Agree,Agree,Strongly agree,Agree,Strongly agree,Agree,Agree,Agree,Agree,Strongly agree,Strongly agree,Agree,Strongly agree,Agree,Agree,Agree,Agree,Agree,Agree,Agree,Agree,Agree,Agree,Agree,Agree,yes,yes
07-12-2023 11:50,19,male,12th,delhi,delhi,delhi,delhi,more than 2 hour,less than 1 hour,Aggressive ,niether disagree nor agree,niether disagree nor agree,Agree,Agree,Disagree,Agree,Strongly disagree,Strongly disagree,Neither agree nor disagree,Disagree,Neither agree nor disagree,Strongly disagree,Agree,Strongly disagree,Disagree,Strongly disagree,Strongly disagree,Neither agree nor disagree,Neither agree nor disagree,Disagree,Neither agree nor disagree,Disagree,Disagree,Neither agree nor disagree,Strongly disagree,Disagree,Disagree,Disagree,Disagree,Disagree,no,yes
07-12-2023 13:09,20,male,Msc,delhi,delhi,delhi,delhi,less than 1 hour,less than 1 hour,No change ,niether disagree nor agree,niether disagree nor agree,Strongly agree,Disagree,Strongly disagree,Strongly disagree,Disagree,Agree,Neither agree nor disagree,Strongly disagree,Agree,Strongly disagree,Strongly disagree,Strongly disagree,Agree,Disagree,Agree,Agree,Agree,Strongly agree,Disagree,Agree,Agree,Disagree,Agree,Disagree,Disagree,Disagree,Disagree,Agree,yes,no
07-12-2023 14:40,"20, 23",male,14,Chaman,Chaman,Chaman,Chaman,less than 1 hour,less than 1 hour,Mind relaxed and time pass,agree,agree,Agree,Agree,Agree,Agree,Strongly agree,Agree,Agree,Disagree,Agree,Agree,Agree,Disagree,Agree,Neither agree nor disagree,Neither agree nor disagree,Neither agree nor disagree,Neither agree nor disagree,Neither agree nor disagree,Neither agree nor disagree,Disagree,Agree,Agree,Agree,Agree,Agree,Agree,Agree,Agree,no,no
07-12-2023 14:51,20,male,Bs ,muzaffarnagar,muzaffarnagar,muzaffarnagar,muzaffarnagar,more than 3 hour,less than 1 hour,I can't play ,disagree,disagree,Agree,Disagree,Disagree,Agree,Strongly disagree,Agree,Agree,Agree,Disagree,Disagree,Disagree,Strongly disagree,Strongly agree,Agree,Agree,Strongly agree,Agree,Disagree,Agree,Strongly agree,Strongly disagree,Strongly agree,Strongly agree,Agree,Agree,Strongly agree,Agree,Agree,no,yes
07-12-2023 14:56,19,male,11th,uttar pradesh,uttar pradesh,uttar pradesh,uttar pradesh,less than 1 hour,less than 1 hour,Aggressive ,niether disagree nor agree,niether disagree nor agree,Neither agree nor disagree,Agree,Disagree,Neither agree nor disagree,Neither agree nor disagree,Neither agree nor disagree,Agree,Strongly agree,Agree,Neither agree nor disagree,Agree,Disagree,Agree,Neither agree nor disagree,Neither agree nor disagree,Disagree,Neither agree nor disagree,Agree,Neither agree nor disagree,Disagree,Disagree,Agree,Agree,Neither agree nor disagree,Neither agree nor disagree,Disagree,Disagree,Agree,no,yes
07-12-2023 14:57,19,female,12th,ghaziabad,ghaziabad,ghaziabad,ghaziabad,more than 1 hour,more than 1 hour,Little aggression,agree,agree,Agree,Agree,Agree,Agree,Neither agree nor disagree,Neither agree nor disagree,Agree,Agree,Neither agree nor disagree,Strongly agree,Neither agree nor disagree,Strongly disagree,Neither agree nor disagree,Agree,Neither agree nor disagree,Neither agree nor disagree,Agree,Agree,Agree,Neither agree nor disagree,Agree,Neither agree nor disagree,Neither agree nor disagree,Disagree,Disagree,Agree,Neither agree nor disagree,Neither agree nor disagree,yes,yes
07-12-2023 15:02,19,male,12th,uttar pradesh DHA ,uttar pradesh DHA ,uttar pradesh DHA ,uttar pradesh DHA ,more than 1 hour,less than 1 hour,Headache ,disagree,disagree,Neither agree nor disagree,Agree,Agree,Disagree,Disagree,Disagree,Agree,Disagree,Disagree,Disagree,Agree,Disagree,Agree,Disagree,Agree,Agree,Disagree,Disagree,Disagree,Agree,Disagree,Agree,Agree,Disagree,Disagree,Disagree,Disagree,Disagree,no,yes
07-12-2023 15:02,23,male,MA History ,punjab,punjab,punjab,punjab,less than 1 hour,less than 1 hour,Encourage ,strongly disagree,strongly disagree,Agree,Agree,Strongly agree,Agree,Disagree,Strongly disagree,Agree,Agree,Agree,Neither agree nor disagree,Agree,Disagree,Agree,Disagree,Strongly disagree,Agree,Agree,Disagree,Agree,Disagree,Disagree,Agree,Disagree,Strongly disagree,Disagree,Neither agree nor disagree,Disagree,Strongly disagree,no,yes
07-12-2023 15:02,20,male,BS,karnataka,karnataka,karnataka,karnataka,more than 1 hour,more than 2 hour,I feel confident,strongly disagree,strongly disagree,Disagree,Disagree,Disagree,Disagree,Disagree,Disagree,Disagree,Disagree,Disagree,Disagree,Disagree,Disagree,Disagree,Disagree,Neither agree nor disagree,Neither agree nor disagree,Neither agree nor disagree,Neither agree nor disagree,Neither agree nor disagree,Neither agree nor disagree,Disagree,Disagree,Disagree,Disagree,Disagree,Disagree,Disagree,Disagree,no,yes
07-12-2023 15:04,18,male,12th,uttar pradesh,uttar pradesh,uttar pradesh,uttar pradesh,more than 2 hour,less than 1 hour,I feel aggressive,niether disagree nor agree,niether disagree nor agree,Agree,Agree,Disagree,Agree,Strongly disagree,Strongly disagree,Agree,Disagree,Agree,Disagree,Agree,Disagree,Disagree,Disagree,Disagree,Agree,Strongly disagree,Strongly disagree,Strongly disagree,Agree,Agree,Agree,Agree,Agree,Neither agree nor disagree,Neither agree nor disagree,Strongly disagree,Neither agree nor disagree,yes,yes
07-12-2023 15:23,19,male,12th,jammu,jammu,jammu,jammu,more than 1 hour,more than 1 hour,nothigs,niether disagree nor agree,niether disagree nor agree,Disagree,Agree,Neither agree nor disagree,Disagree,Disagree,Disagree,Strongly disagree,Strongly disagree,Agree,Disagree,Neither agree nor disagree,Strongly disagree,Agree,Strongly disagree,Agree,Agree,Disagree,Neither agree nor disagree,Strongly disagree,Agree,Strongly agree,Disagree,Neither agree nor disagree,Agree,Strongly disagree,Strongly disagree,Disagree,Disagree,no,no
07-12-2023 15:33,19,male,12th,uttar pradesh ,uttar pradesh ,uttar pradesh ,uttar pradesh ,more than 2 hour,more than 2 hour,Aggression,niether disagree nor agree,niether disagree nor agree,Disagree,Agree,Disagree,Disagree,Disagree,Disagree,Disagree,Disagree,Disagree,Disagree,Disagree,Disagree,Disagree,Disagree,Disagree,Disagree,Disagree,Disagree,Disagree,Disagree,Disagree,Disagree,Disagree,Disagree,Disagree,Agree,Disagree,Disagree,no,yes
07-12-2023 15:42,19,male,12th,uttar pradesh,uttar pradesh,uttar pradesh,uttar pradesh,more than 1 hour,less than 1 hour,Nill,niether disagree nor agree,niether disagree nor agree,Agree,Agree,Neither agree nor disagree,Neither agree nor disagree,Strongly disagree,Disagree,Disagree,Neither agree nor disagree,Disagree,Agree,Disagree,Disagree,Disagree,Disagree,Agree,Agree,Disagree,Neither agree nor disagree,Neither agree nor disagree,Neither agree nor disagree,Neither agree nor disagree,Disagree,Neither agree nor disagree,Neither agree nor disagree,Agree,Agree,Strongly agree,Agree,no,yes
07-12-2023 15:42,28 year,female,AM,Student,Student,Student,Student,more than 1 hour,more than 1 hour,"Relax
",niether disagree nor agree,niether disagree nor agree,Agree,Agree,Strongly disagree,Strongly disagree,Strongly disagree,Neither agree nor disagree,Disagree,Neither agree nor disagree,Agree,Disagree,Agree,Disagree,Strongly agree,Agree,Neither agree nor disagree,Agree,Neither agree nor disagree,Disagree,Neither agree nor disagree,Agree,Neither agree nor disagree,Neither agree nor disagree,Agree,Disagree,Disagree,Neither agree nor disagree,Disagree,Agree,yes,yes
07-12-2023 15:47,19,male,12th,jammu,jammu,jammu,jammu,less than 1 hour,less than 1 hour,Some experience,agree,agree,Neither agree nor disagree,Strongly agree,Disagree,Agree,Disagree,Disagree,Agree,Disagree,Disagree,Disagree,Agree,Disagree,Agree,Agree,Agree,Disagree,Strongly disagree,Disagree,Disagree,Agree,Disagree,Agree,Agree,Disagree,Disagree,Disagree,Strongly disagree,Agree,no,yes
07-12-2023 15:50,19,female,B.com,jewar ,jewar ,jewar ,jewar ,less than 1 hour,less than 1 hour,Roud,strongly disagree,strongly disagree,Disagree,Strongly agree,Disagree,Disagree,Neither agree nor disagree,Strongly agree,Strongly agree,Neither agree nor disagree,Agree,Agree,Agree,Agree,Agree,Disagree,Neither agree nor disagree,Strongly disagree,Disagree,Neither agree nor disagree,Agree,Agree,Disagree,Disagree,Neither agree nor disagree,Neither agree nor disagree,Neither agree nor disagree,Agree,Neither agree nor disagree,Agree,no,yes
07-12-2023 16:11,17,female,Ets,uttar pradesh,uttar pradesh,uttar pradesh,uttar pradesh,less than 1 hour,less than 1 hour,No,disagree,disagree,Agree,Neither agree nor disagree,Disagree,Neither agree nor disagree,Disagree,Neither agree nor disagree,Agree,Disagree,Disagree,Disagree,Agree,Disagree,Agree,Disagree,Agree,Neither agree nor disagree,Agree,Agree,Agree,Agree,Disagree,Agree,Disagree,Disagree,Disagree,Disagree,Disagree,Agree,no,no
07-12-2023 16:23,18,female,12th,jewar,jewar,jewar,jewar,less than 1 hour,less than 1 hour,Don't play violent games,niether disagree nor agree,niether disagree nor agree,Neither agree nor disagree,Agree,Disagree,Agree,Strongly disagree,Disagree,Neither agree nor disagree,Disagree,Agree,Disagree,Neither agree nor disagree,Strongly disagree,Neither agree nor disagree,Disagree,Neither agree nor disagree,Disagree,Agree,Disagree,Disagree,Agree,Disagree,Disagree,Neither agree nor disagree,Disagree,Disagree,Disagree,Neither agree nor disagree,Agree,no,yes
07-12-2023 16:39,18,female,12th,uttar pradesh ,uttar pradesh ,uttar pradesh ,uttar pradesh ,less than 1 hour,less than 1 hour,Feeling relaxed ,agree,agree,Agree,Agree,Agree,Disagree,Neither agree nor disagree,Agree,Agree,Disagree,Agree,Agree,Agree,Disagree,Strongly agree,Agree,Agree,Agree,Neither agree nor disagree,Agree,Agree,Disagree,Disagree,Agree,Disagree,Agree,Disagree,Agree,Agree,Agree,no,yes
07-12-2023 16:50,19,male,12th,jammu,jammu,jammu,jammu,more than 1 hour,less than 1 hour,Excited,agree,agree,Strongly agree,Agree,Neither agree nor disagree,Agree,Agree,Agree,Strongly disagree,Neither agree nor disagree,Agree,Disagree,Strongly disagree,Disagree,Agree,Agree,Strongly agree,Agree,Agree,Agree,Neither agree nor disagree,Agree,Agree,Strongly agree,Strongly agree,Agree,Agree,Neither agree nor disagree,Agree,Agree,no,yes
07-12-2023 16:55,18,female,12th,uttar pradesh,uttar pradesh,uttar pradesh,uttar pradesh,more than 1 hour,less than 1 hour,Anger increase,niether disagree nor agree,niether disagree nor agree,Agree,Disagree,Disagree,Agree,Disagree,Agree,Agree,Disagree,Agree,Disagree,Agree,Disagree,Agree,Agree,Disagree,Agree,Strongly agree,Disagree,Agree,Disagree,Disagree,Strongly agree,Agree,Agree,Neither agree nor disagree,Disagree,Disagree,Disagree,no,yes
07-12-2023 17:04,24,male,12th,uttar pradesh,uttar pradesh,uttar pradesh,uttar pradesh,more than 2 hour,more than 1 hour,Very good,disagree,disagree,Agree,Strongly agree,Strongly disagree,Neither agree nor disagree,Strongly disagree,Strongly disagree,Neither agree nor disagree,Neither agree nor disagree,Neither agree nor disagree,Disagree,Disagree,Neither agree nor disagree,Disagree,Disagree,Disagree,Disagree,Agree,Strongly agree,Disagree,Neither agree nor disagree,Strongly agree,Disagree,Disagree,Neither agree nor disagree,Neither agree nor disagree,Agree,Agree,Strongly agree,yes,yes
07-12-2023 17:42,20,male,12th,sarai kale khan,sarai kale khan,sarai kale khan,sarai kale khan,more than 5 hour,more than 2 hour,Na thing,disagree,disagree,Disagree,Strongly agree,Disagree,Strongly disagree,Agree,Agree,Disagree,Strongly agree,Agree,Disagree,Disagree,Neither agree nor disagree,Neither agree nor disagree,Strongly disagree,Strongly agree,Disagree,Neither agree nor disagree,Disagree,Agree,Strongly agree,Disagree,Neither agree nor disagree,Strongly disagree,Agree,Agree,Strongly agree,Strongly disagree,Neither agree nor disagree,no,yes
07-12-2023 18:00,19,male,12th,uttar pradesh,uttar pradesh,uttar pradesh,uttar pradesh,more than 3 hour,more than 2 hour,Liking arms and ammunitions,niether disagree nor agree,niether disagree nor agree,Agree,Agree,Disagree,Agree,Strongly agree,Agree,Agree,Disagree,Agree,Neither agree nor disagree,Neither agree nor disagree,Disagree,Agree,Neither agree nor disagree,Agree,Disagree,Agree,Agree,Agree,Disagree,Disagree,Disagree,Agree,Disagree,Disagree,Disagree,Disagree,Agree,no,no
07-12-2023 18:08,18,male,10th,jammu,jammu,jammu,jammu,less than 1 hour,less than 1 hour,Good ,agree,agree,Agree,Strongly agree,Strongly agree,Agree,Agree,Strongly disagree,Strongly agree,Strongly disagree,Neither agree nor disagree,Neither agree nor disagree,Strongly agree,Neither agree nor disagree,Disagree,Strongly agree,Agree,Agree,Strongly disagree,Strongly agree,Strongly agree,Agree,Strongly disagree,Strongly agree,Disagree,Strongly disagree,Neither agree nor disagree,Strongly disagree,Strongly agree,Disagree,yes,no
07-12-2023 19:33,"20, ",male,12th,habibpur,habibpur,habibpur,habibpur,more than 5 hour,more than 5 hour,"Nothing 
",strongly agree,strongly agree,Strongly agree,Strongly agree,Strongly disagree,Neither agree nor disagree,Strongly disagree,Neither agree nor disagree,Strongly disagree,Strongly disagree,Strongly disagree,Strongly disagree,Strongly agree,Strongly agree,Strongly disagree,Neither agree nor disagree,Neither agree nor disagree,Strongly disagree,Strongly disagree,Strongly disagree,Disagree,Disagree,Disagree,Strongly disagree,Strongly disagree,Strongly disagree,Strongly disagree,Strongly disagree,Strongly disagree,Disagree,yes,no
07-12-2023 19:46,20,male,13,uttar pradesh,uttar pradesh,uttar pradesh,uttar pradesh,less than 1 hour,less than 1 hour,Time,agree,agree,Agree,Agree,Agree,Agree,Agree,Agree,Agree,Agree,Agree,Agree,Agree,Agree,Agree,Agree,Agree,Agree,Agree,Agree,Agree,Agree,Agree,Agree,Agree,Agree,Agree,Agree,Agree,Agree,yes,yes
07-12-2023 19:46,20,male,Bachelors level,uttar pradesh,uttar pradesh,uttar pradesh,uttar pradesh,less than 1 hour,less than 1 hour,I don't experience any change ,agree,agree,Neither agree nor disagree,Agree,Disagree,Agree,Disagree,Disagree,Agree,Strongly disagree,Strongly agree,Disagree,Disagree,Strongly disagree,Disagree,Disagree,Strongly agree,Agree,Neither agree nor disagree,Agree,Agree,Neither agree nor disagree,Neither agree nor disagree,Agree,Agree,Disagree,Agree,Agree,Neither agree nor disagree,Agree,no,yes
07-12-2023 19:59,20,female,Bscs ,uttar pradesh ,uttar pradesh ,uttar pradesh ,uttar pradesh ,more than 1 hour,more than 1 hour,Nothing much ??,disagree,disagree,Strongly disagree,Agree,Strongly disagree,Strongly disagree,Strongly disagree,Neither agree nor disagree,Neither agree nor disagree,Strongly disagree,Agree,Disagree,Agree,Strongly disagree,Agree,Neither agree nor disagree,Disagree,Disagree,Agree,Agree,Strongly disagree,Disagree,Disagree,Agree,Disagree,Strongly disagree,Strongly disagree,Strongly disagree,Strongly disagree,Strongly disagree,no,no
07-12-2023 20:02,18,male,Bscs 1st semester ,uttar pradesh ,uttar pradesh ,uttar pradesh ,uttar pradesh ,more than 1 hour,more than 1 hour,Car parking ,agree,agree,Disagree,Disagree,Disagree,Neither agree nor disagree,Neither agree nor disagree,Neither agree nor disagree,Neither agree nor disagree,Neither agree nor disagree,Neither agree nor disagree,Neither agree nor disagree,Neither agree nor disagree,Neither agree nor disagree,Neither agree nor disagree,Neither agree nor disagree,Neither agree nor disagree,Neither agree nor disagree,Neither agree nor disagree,Neither agree nor disagree,Neither agree nor disagree,Neither agree nor disagree,Neither agree nor disagree,Neither agree nor disagree,Neither agree nor disagree,Neither agree nor disagree,Neither agree nor disagree,Neither agree nor disagree,Neither agree nor disagree,Neither agree nor disagree,no,no
07-12-2023 20:05,22,female,16th standard,uttar pradesh ,uttar pradesh ,uttar pradesh ,uttar pradesh ,less than 1 hour,more than 2 hour,Sometimes I feel tired,niether disagree nor agree,niether disagree nor agree,Strongly agree,Agree,Disagree,Strongly agree,Strongly disagree,Neither agree nor disagree,Strongly agree,Strongly disagree,Neither agree nor disagree,Strongly disagree,Disagree,Strongly disagree,Agree,Neither agree nor disagree,Agree,Agree,Agree,Disagree,Neither agree nor disagree,Neither agree nor disagree,Neither agree nor disagree,Neither agree nor disagree,Neither agree nor disagree,Neither agree nor disagree,Neither agree nor disagree,Neither agree nor disagree,Neither agree nor disagree,Neither agree nor disagree,no,yes
07-12-2023 20:20,22,female,Graduation ,uttar pradesh,uttar pradesh,uttar pradesh,uttar pradesh,more than 1 hour,more than 1 hour,I rudely behave with others,disagree,disagree,Strongly agree,Agree,Disagree,Neither agree nor disagree,Strongly disagree,Strongly disagree,Neither agree nor disagree,Strongly disagree,Neither agree nor disagree,Strongly disagree,Agree,Strongly disagree,Neither agree nor disagree,Strongly disagree,Neither agree nor disagree,Strongly disagree,Neither agree nor disagree,Disagree,Strongly disagree,Agree,Strongly disagree,Strongly disagree,Strongly disagree,Disagree,Strongly disagree,Strongly agree,Strongly disagree,Disagree,no,yes
07-12-2023 20:44,26,male,Bachelor ,uttar pradesh ,uttar pradesh ,uttar pradesh ,uttar pradesh ,less than 1 hour,less than 1 hour,Nothing ,niether disagree nor agree,niether disagree nor agree,Strongly disagree,Agree,Disagree,Agree,Strongly disagree,Disagree,Neither agree nor disagree,Disagree,Disagree,Disagree,Disagree,Disagree,Disagree,Disagree,Disagree,Disagree,Disagree,Agree,Disagree,Agree,Disagree,Disagree,Disagree,Disagree,Disagree,Disagree,Disagree,Neither agree nor disagree,no,no
07-12-2023 20:52,20,female,BBA 4th sem,uttar pradesh,uttar pradesh,uttar pradesh,uttar pradesh,more than 5 hour,more than 1 hour,Nothing. ,disagree,disagree,Strongly agree,Agree,Disagree,Neither agree nor disagree,Strongly disagree,Neither agree nor disagree,Strongly agree,Neither agree nor disagree,Agree,Strongly disagree,Neither agree nor disagree,Strongly disagree,Agree,Disagree,Neither agree nor disagree,Disagree,Neither agree nor disagree,Neither agree nor disagree,Strongly disagree,Disagree,Disagree,Agree,Neither agree nor disagree,Disagree,Strongly disagree,Strongly disagree,Strongly disagree,Neither agree nor disagree,no,no
07-12-2023 20:54,21,female,BBA 7th smester,chhatisgarh,chhatisgarh,chhatisgarh,chhatisgarh,less than 1 hour,less than 1 hour,I do not play violent game ,disagree,disagree,Disagree,Neither agree nor disagree,Strongly disagree,Agree,Neither agree nor disagree,Neither agree nor disagree,Agree,Disagree,Agree,Disagree,Disagree,Disagree,Agree,Agree,Agree,Agree,Agree,Disagree,Agree,Strongly agree,Agree,Agree,Disagree,Neither agree nor disagree,Agree,Agree,Disagree,Agree,no,yes
07-12-2023 21:01,24,female,BBA,uttar pradesh,uttar pradesh,uttar pradesh,uttar pradesh,less than 1 hour,less than 1 hour,Time waste,strongly disagree,strongly disagree,Agree,Neither agree nor disagree,Strongly disagree,Disagree,Disagree,Strongly agree,Agree,Strongly disagree,Agree,Disagree,Disagree,Disagree,Agree,Agree,Disagree,Agree,Agree,Agree,Disagree,Disagree,Disagree,Agree,Disagree,Disagree,Disagree,Disagree,Agree,Disagree,no,yes
07-12-2023 21:35,19,male,Bscs 1 semester,uttar pradesh,uttar pradesh,uttar pradesh,uttar pradesh,less than 1 hour,less than 1 hour,"I got mad 
",disagree,disagree,Agree,Agree,Disagree,Disagree,Disagree,Neither agree nor disagree,Neither agree nor disagree,Disagree,Agree,Neither agree nor disagree,Disagree,Disagree,Neither agree nor disagree,Agree,Agree,Agree,Disagree,Disagree,Disagree,Agree,Disagree,Agree,Strongly disagree,Neither agree nor disagree,Disagree,Neither agree nor disagree,Disagree,Agree,no,yes
07-12-2023 21:35,32,male,Post Graduation ,faridabad,faridabad,faridabad,faridabad,less than 1 hour,less than 1 hour,Anxiety & stress,agree,agree,Agree,Agree,Agree,Disagree,Neither agree nor disagree,Agree,Neither agree nor disagree,Disagree,Agree,Agree,Neither agree nor disagree,Disagree,Neither agree nor disagree,Neither agree nor disagree,Agree,Disagree,Disagree,Neither agree nor disagree,Neither agree nor disagree,Disagree,Disagree,Disagree,Disagree,Neither agree nor disagree,Disagree,Disagree,Disagree,Disagree,yes,yes
07-12-2023 21:56,17,male,11th,uttar pradesh ,uttar pradesh ,uttar pradesh ,uttar pradesh ,less than 1 hour,less than 1 hour,Nothing ,strongly disagree,strongly disagree,Strongly disagree,Agree,Disagree,Disagree,Strongly disagree,Strongly disagree,Strongly disagree,Strongly disagree,Strongly disagree,Strongly disagree,Strongly disagree,Strongly disagree,Strongly disagree,Strongly disagree,Strongly disagree,Strongly disagree,Strongly disagree,Strongly disagree,Strongly disagree,Strongly disagree,Strongly disagree,Strongly disagree,Strongly disagree,Strongly disagree,Strongly disagree,Strongly disagree,Strongly disagree,Strongly disagree,no,yes
07-12-2023 22:21,19,female,12th,uttar pradesh,uttar pradesh,uttar pradesh,uttar pradesh,less than 1 hour,less than 1 hour,i don't play,niether disagree nor agree,niether disagree nor agree,Neither agree nor disagree,Strongly agree,Strongly disagree,Disagree,Strongly disagree,Disagree,Neither agree nor disagree,Strongly disagree,Disagree,Strongly disagree,Strongly disagree,Strongly disagree,Neither agree nor disagree,Strongly disagree,Agree,Disagree,Neither agree nor disagree,Disagree,Strongly disagree,Disagree,Disagree,Agree,Agree,Strongly disagree,Strongly disagree,Disagree,Strongly disagree,Strongly disagree,no,no
07-12-2023 23:08,20,male,12th,jammu ,jammu ,jammu ,jammu ,more than 1 hour,less than 1 hour,Horrible dreams ,strongly agree,strongly agree,Agree,Strongly agree,Neither agree nor disagree,Agree,Strongly disagree,Agree,Neither agree nor disagree,Strongly disagree,Strongly agree,Neither agree nor disagree,Agree,Strongly disagree,Strongly agree,Strongly agree,Neither agree nor disagree,Agree,Neither agree nor disagree,Strongly disagree,Strongly disagree,Neither agree nor disagree,Neither agree nor disagree,Neither agree nor disagree,Agree,Strongly disagree,Strongly disagree,Strongly disagree,Strongly disagree,Strongly disagree,no,yes
07-12-2023 23:08,20,female,12th,meerut,meerut,meerut,meerut,less than 1 hour,less than 1 hour,Didn't change any type of behavior ,niether disagree nor agree,niether disagree nor agree,Neither agree nor disagree,Strongly agree,Disagree,Neither agree nor disagree,Strongly disagree,Disagree,Disagree,Strongly disagree,Neither agree nor disagree,Strongly disagree,Neither agree nor disagree,Strongly disagree,Neither agree nor disagree,Strongly disagree,Neither agree nor disagree,Neither agree nor disagree,Neither agree nor disagree,Strongly disagree,Neither agree nor disagree,Neither agree nor disagree,Neither agree nor disagree,Neither agree nor disagree,Neither agree nor disagree,Strongly disagree,Disagree,Strongly disagree,Neither agree nor disagree,Neither agree nor disagree,no,yes
07-12-2023 23:52,18,female,12th,uttar pradesh,uttar pradesh,uttar pradesh,uttar pradesh,less than 1 hour,less than 1 hour,I can't play this game ,strongly disagree,strongly disagree,Agree,Agree,Disagree,Strongly agree,Disagree,Disagree,Neither agree nor disagree,Agree,Strongly agree,Disagree,Disagree,Strongly disagree,Strongly disagree,Disagree,Neither agree nor disagree,Neither agree nor disagree,Strongly disagree,Strongly disagree,Agree,Neither agree nor disagree,Disagree,Neither agree nor disagree,Disagree,Agree,Strongly disagree,Disagree,Strongly disagree,Agree,no,yes
7-13-2023 0:28:07,16,male,10th,jammu ghaziabad,jammu ghaziabad,jammu ghaziabad,jammu ghaziabad,more than 2 hour,more than 2 hour,Vision problem,niether disagree nor agree,niether disagree nor agree,Disagree,Strongly disagree,Disagree,Strongly disagree,Strongly disagree,Agree,Agree,Neither agree nor disagree,Agree,Strongly agree,Agree,Agree,Agree,Neither agree nor disagree,Disagree,Neither agree nor disagree,Agree,Agree,Neither agree nor disagree,Agree,Agree,Agree,Strongly agree,Neither agree nor disagree,Neither agree nor disagree,Neither agree nor disagree,Agree,Agree,no,yes
7-13-2023 7:08:06,20,male,Bscs,uttar pradesh ,uttar pradesh ,uttar pradesh ,uttar pradesh ,less than 1 hour,less than 1 hour,Nothing ,strongly disagree,strongly disagree,Agree,Agree,Strongly disagree,Neither agree nor disagree,Strongly disagree,Strongly disagree,Agree,Strongly disagree,Agree,Strongly disagree,Neither agree nor disagree,Strongly disagree,Strongly disagree,Neither agree nor disagree,Strongly disagree,Neither agree nor disagree,Neither agree nor disagree,Neither agree nor disagree,Disagree,Disagree,Strongly disagree,Neither agree nor disagree,Strongly disagree,Strongly disagree,Strongly disagree,Strongly disagree,Strongly disagree,Disagree,no,no
7-13-2023 8:47:20,18,female,12th,uttar pradesh,uttar pradesh,uttar pradesh,uttar pradesh,less than 1 hour,less than 1 hour,Normal,strongly disagree,strongly disagree,Agree,Strongly agree,Strongly disagree,Neither agree nor disagree,Neither agree nor disagree,Neither agree nor disagree,Strongly agree,Neither agree nor disagree,Agree,Strongly disagree,Agree,Disagree,Agree,Disagree,Neither agree nor disagree,Strongly agree,Agree,Strongly disagree,Disagree,Agree,Neither agree nor disagree,Disagree,Disagree,Disagree,Disagree,Neither agree nor disagree,Neither agree nor disagree,Agree,no,yes
7-13-2023 9:14:53,20,male,Dvm,jhonpur,jhonpur,jhonpur,jhonpur,less than 1 hour,less than 1 hour,Nothing,agree,agree,Strongly disagree,Agree,Agree,Agree,Agree,Neither agree nor disagree,Neither agree nor disagree,Neither agree nor disagree,Strongly disagree,Disagree,Strongly disagree,Strongly disagree,Strongly disagree,Disagree,Disagree,Disagree,Agree,Agree,Agree,Agree,Agree,Agree,Agree,Agree,Neither agree nor disagree,Neither agree nor disagree,Neither agree nor disagree,Neither agree nor disagree,yes,yes
7-13-2023 10:56:28,18,male,11th,jammu,jammu,jammu,jammu,more than 1 hour,more than 1 hour,Intelligence stability ,niether disagree nor agree,niether disagree nor agree,Neither agree nor disagree,Agree,Disagree,Agree,Disagree,Disagree,Neither agree nor disagree,Disagree,Disagree,Disagree,Disagree,Disagree,Disagree,Agree,Neither agree nor disagree,Agree,Neither agree nor disagree,Disagree,Disagree,Agree,Disagree,Disagree,Disagree,Disagree,Disagree,Disagree,Disagree,Agree,no,yes
7-13-2023 12:03:50,17,male,11th,uttar pradesh,uttar pradesh,uttar pradesh,uttar pradesh,more than 3 hour,more than 3 hour,Angry ??,agree,agree,Agree,Neither agree nor disagree,Agree,Agree,Agree,Agree,Neither agree nor disagree,Disagree,Agree,Neither agree nor disagree,Agree,Disagree,Agree,Agree,Neither agree nor disagree,Neither agree nor disagree,Agree,Neither agree nor disagree,Neither agree nor disagree,Agree,Neither agree nor disagree,Agree,Agree,Neither agree nor disagree,Disagree,Disagree,Disagree,Neither agree nor disagree,no,yes
7-13-2023 12:08:57,18,male,10th,uttar pradesh,uttar pradesh,uttar pradesh,uttar pradesh,more than 3 hour,more than 2 hour,Mostly i become grump,agree,agree,Agree,Agree,Agree,Disagree,Disagree,Agree,Agree,Disagree,Agree,Disagree,Agree,Disagree,Agree,Agree,Neither agree nor disagree,Agree,Disagree,Agree,Disagree,Agree,Neither agree nor disagree,Neither agree nor disagree,Agree,Agree,Neither agree nor disagree,Disagree,Disagree,Neither agree nor disagree,no,yes
7-13-2023 12:13:55,"18, 19",male,12th,meerut,meerut,meerut,meerut,more than 2 hour,more than 2 hour,fighting behaviour,niether disagree nor agree,niether disagree nor agree,Disagree,Agree,Strongly disagree,Agree,Strongly disagree,Neither agree nor disagree,Agree,Disagree,Agree,Strongly disagree,Disagree,Strongly disagree,Agree,Disagree,Agree,Disagree,Neither agree nor disagree,Agree,Disagree,Agree,Strongly disagree,Agree,Disagree,Agree,Disagree,Strongly disagree,Strongly disagree,Agree,no,yes
7-13-2023 12:17:53,17,male,11th,uttar pradesh ,uttar pradesh ,uttar pradesh ,uttar pradesh ,more than 2 hour,more than 2 hour,I feel like I?m in battle field,agree,agree,Agree,Agree,Disagree,Agree,Neither agree nor disagree,Neither agree nor disagree,Neither agree nor disagree,Disagree,Neither agree nor disagree,Disagree,Agree,Disagree,Agree,Agree,Agree,Neither agree nor disagree,Agree,Agree,Agree,Agree,Neither agree nor disagree,Agree,Neither agree nor disagree,Neither agree nor disagree,Neither agree nor disagree,Disagree,Agree,Neither agree nor disagree,yes,yes
7-13-2023 12:21:31,18,male,12th,uttar pradesh,uttar pradesh,uttar pradesh,uttar pradesh,more than 1 hour,more than 1 hour,I feel myself aggresive,agree,agree,Neither agree nor disagree,Strongly agree,Agree,Strongly agree,Disagree,Disagree,Disagree,Agree,Agree,Strongly agree,Strongly agree,Neither agree nor disagree,Neither agree nor disagree,Agree,Agree,Agree,Agree,Agree,Strongly agree,Strongly agree,Neither agree nor disagree,Strongly agree,Agree,Neither agree nor disagree,Strongly agree,Agree,Agree,Agree,yes,no
7-13-2023 12:28:15,17,male,11th,uttar pradesh ,uttar pradesh ,uttar pradesh ,uttar pradesh ,more than 1 hour,more than 1 hour,Ok,strongly disagree,strongly disagree,Agree,Agree,Strongly disagree,Disagree,Strongly disagree,Disagree,Strongly agree,Strongly disagree,Agree,Strongly disagree,Agree,Strongly disagree,Disagree,Disagree,Disagree,Neither agree nor disagree,Disagree,Neither agree nor disagree,Neither agree nor disagree,Disagree,Neither agree nor disagree,Strongly disagree,Agree,Disagree,Strongly disagree,Strongly disagree,Strongly disagree,Agree,no,no
7-13-2023 12:29:19,20,male,11th,uttar pradesh ,uttar pradesh ,uttar pradesh ,uttar pradesh ,more than 1 hour,less than 1 hour,It's waste a lot of time ,disagree,disagree,Agree,Agree,Strongly disagree,Strongly disagree,Strongly disagree,Strongly disagree,Disagree,Strongly disagree,Strongly disagree,Strongly disagree,Neither agree nor disagree,Strongly disagree,Disagree,Disagree,Disagree,Disagree,Disagree,Disagree,Disagree,Strongly disagree,Disagree,Disagree,Agree,Neither agree nor disagree,Neither agree nor disagree,Strongly disagree,Neither agree nor disagree,Strongly disagree,no,no
7-13-2023 12:40:11,20,male,12th,uttar pradesh,uttar pradesh,uttar pradesh,uttar pradesh,more than 2 hour,more than 2 hour,None,strongly disagree,strongly disagree,Disagree,Agree,Strongly disagree,Disagree,Strongly disagree,Strongly disagree,Neither agree nor disagree,Strongly disagree,Disagree,Disagree,Neither agree nor disagree,Strongly disagree,Strongly disagree,Strongly disagree,Neither agree nor disagree,Strongly disagree,Disagree,Neither agree nor disagree,Strongly disagree,Disagree,Disagree,Strongly disagree,Disagree,Disagree,Strongly disagree,Strongly disagree,Strongly disagree,Strongly disagree,no,no
7-13-2023 13:02:05,15,male,9th,uttar pradesh,uttar pradesh,uttar pradesh,uttar pradesh,more than 5 hour,more than 5 hour,NA,strongly disagree,strongly disagree,Disagree,Strongly disagree,Strongly disagree,Strongly disagree,Disagree,Disagree,Disagree,Strongly disagree,Strongly disagree,Strongly agree,Strongly agree,Agree,Neither agree nor disagree,Disagree,Strongly agree,Agree,Agree,Agree,Neither agree nor disagree,Strongly agree,Strongly agree,Strongly agree,Disagree,Agree,Neither agree nor disagree,Strongly disagree,Strongly disagree,Strongly disagree,no,no
7-13-2023 13:08:45,20,male,Bs,muzaffarnagar,muzaffarnagar,muzaffarnagar,muzaffarnagar,more than 3 hour,more than 1 hour,I have bulit my English and active my mind ,niether disagree nor agree,niether disagree nor agree,Agree,Neither agree nor disagree,Agree,Agree,Agree,Agree,Neither agree nor disagree,Agree,Agree,Disagree,Agree,Agree,Agree,Agree,Agree,Agree,Neither agree nor disagree,Agree,Agree,Disagree,Strongly agree,Agree,Strongly disagree,Agree,Agree,Strongly disagree,Agree,Strongly agree,no,yes
7-13-2023 15:43:19,20,male,DVM,muradabad,muradabad,muradabad,muradabad,more than 2 hour,more than 1 hour,Aggressive,agree,agree,Agree,Neither agree nor disagree,Disagree,Neither agree nor disagree,Disagree,Strongly disagree,Neither agree nor disagree,Disagree,Neither agree nor disagree,Agree,Disagree,Strongly disagree,Agree,Disagree,Agree,Agree,Agree,Neither agree nor disagree,Agree,Agree,Neither agree nor disagree,Disagree,Disagree,Disagree,Disagree,Neither agree nor disagree,Disagree,Agree,yes,yes
7-13-2023 20:45:20,18,male,12th,uttar pradesh,uttar pradesh,uttar pradesh,uttar pradesh,more than 2 hour,more than 1 hour,"Lack of focus, low temper, easily distraction, hArd time studying.",agree,agree,Strongly agree,Disagree,Disagree,Strongly agree,Neither agree nor disagree,Agree,Strongly agree,Neither agree nor disagree,Disagree,Agree,Agree,Disagree,Strongly agree,Agree,Agree,Neither agree nor disagree,Strongly agree,Strongly agree,Disagree,Strongly agree,Strongly agree,Strongly agree,Strongly agree,Agree,Neither agree nor disagree,Disagree,Agree,Agree,yes,yes
7-13-2023 20:53:56,19,male,LLB,uttar pradesh,uttar pradesh,uttar pradesh,uttar pradesh,more than 3 hour,more than 3 hour,Nothing ,disagree,disagree,Disagree,Agree,Disagree,Agree,Agree,Disagree,Disagree,Disagree,Disagree,Disagree,Agree,Disagree,Agree,Agree,Disagree,Disagree,Disagree,Disagree,Agree,Agree,Agree,Agree,Agree,Agree,Disagree,Disagree,Agree,Agree,no,yes
7-13-2023 20:55:24,18,female,11th,uttar pradesh ,uttar pradesh ,uttar pradesh ,uttar pradesh ,more than 3 hour,less than 1 hour,I feel relax,disagree,disagree,Agree,Strongly agree,Strongly disagree,Agree,Strongly disagree,Strongly disagree,Agree,Strongly disagree,Agree,Disagree,Agree,Disagree,Agree,Agree,Disagree,Agree,Agree,Disagree,Agree,Agree,Disagree,Agree,Strongly agree,Strongly agree,Agree,Disagree,Disagree,Agree,no,yes
7-13-2023 20:58:36,18,male,11th,uttar pradesh,uttar pradesh,uttar pradesh,uttar pradesh,more than 3 hour,more than 3 hour,i wana paly game for. freshment ,disagree,disagree,Agree,Neither agree nor disagree,Disagree,Agree,Disagree,Disagree,Disagree,Disagree,Agree,Agree,Agree,Disagree,Disagree,Disagree,Disagree,Strongly disagree,Neither agree nor disagree,Disagree,Disagree,Disagree,Disagree,Neither agree nor disagree,Neither agree nor disagree,Agree,Disagree,Disagree,Disagree,Neither agree nor disagree,yes,yes
7-13-2023 21:00:37,18,male,12th,uttar pradesh,uttar pradesh,uttar pradesh,uttar pradesh,less than 1 hour,less than 1 hour,Wasting of time.,strongly disagree,strongly disagree,Neither agree nor disagree,Agree,Agree,Strongly agree,Neither agree nor disagree,Strongly disagree,Disagree,Disagree,Neither agree nor disagree,Neither agree nor disagree,Agree,Agree,Agree,Agree,Agree,Neither agree nor disagree,Strongly disagree,Disagree,Disagree,Strongly agree,Strongly agree,Strongly disagree,Strongly agree,Strongly disagree,Neither agree nor disagree,Neither agree nor disagree,Strongly disagree,Strongly agree,no,yes
7-13-2023 21:28:30,22,male,MSC ,uttar pradesh ,uttar pradesh ,uttar pradesh ,uttar pradesh ,less than 1 hour,less than 1 hour,Wants to play more than more ,disagree,disagree,Agree,Neither agree nor disagree,Strongly disagree,Agree,Neither agree nor disagree,Strongly disagree,Neither agree nor disagree,Strongly disagree,Neither agree nor disagree,Disagree,Neither agree nor disagree,Disagree,Neither agree nor disagree,Disagree,Disagree,Neither agree nor disagree,Neither agree nor disagree,Strongly disagree,Neither agree nor disagree,Disagree,Disagree,Neither agree nor disagree,Neither agree nor disagree,Neither agree nor disagree,Strongly disagree,Neither agree nor disagree,Disagree,Neither agree nor disagree,no,yes
7-13-2023 21:50:19,25,male,Master,mohan nagar,mohan nagar,mohan nagar,mohan nagar,more than 1 hour,more than 1 hour,Time pass,strongly disagree,strongly disagree,Neither agree nor disagree,Strongly agree,Strongly disagree,Agree,Strongly disagree,Strongly disagree,Strongly disagree,Strongly disagree,Strongly disagree,Strongly disagree,Neither agree nor disagree,Strongly disagree,Strongly disagree,Strongly disagree,Disagree,Disagree,Neither agree nor disagree,Agree,Neither agree nor disagree,Strongly disagree,Strongly disagree,Strongly disagree,Neither agree nor disagree,Strongly disagree,Strongly disagree,Strongly disagree,Strongly disagree,Neither agree nor disagree,no,yes
7-13-2023 22:07:55,22,female,Master,uttar pradesh,uttar pradesh,uttar pradesh,uttar pradesh,less than 1 hour,less than 1 hour,no,niether disagree nor agree,niether disagree nor agree,Neither agree nor disagree,Neither agree nor disagree,Neither agree nor disagree,Neither agree nor disagree,Neither agree nor disagree,Neither agree nor disagree,Neither agree nor disagree,Neither agree nor disagree,Neither agree nor disagree,Strongly disagree,Agree,Neither agree nor disagree,Disagree,Neither agree nor disagree,Neither agree nor disagree,Neither agree nor disagree,Agree,Neither agree nor disagree,Neither agree nor disagree,Neither agree nor disagree,Disagree,Neither agree nor disagree,Agree,Neither agree nor disagree,Strongly agree,Neither agree nor disagree,Neither agree nor disagree,Agree,yes,yes
7-13-2023 22:27:14,17,male,10th,uttar pradesh,uttar pradesh,uttar pradesh,uttar pradesh,more than 2 hour,more than 2 hour,during game feel good after realize waste time,disagree,disagree,Disagree,Neither agree nor disagree,Agree,Neither agree nor disagree,Agree,Disagree,Agree,Agree,Strongly agree,Neither agree nor disagree,Disagree,Strongly disagree,Agree,Neither agree nor disagree,Neither agree nor disagree,Neither agree nor disagree,Neither agree nor disagree,Neither agree nor disagree,Disagree,Agree,Agree,Neither agree nor disagree,Strongly disagree,Neither agree nor disagree,Disagree,Neither agree nor disagree,Neither agree nor disagree,Agree,no,yes
7-13-2023 22:52:50,"20, ",male,12th,faridabad,faridabad,faridabad,faridabad,more than 2 hour,more than 2 hour,Abnormal ,agree,agree,Agree,Agree,Neither agree nor disagree,Neither agree nor disagree,Agree,Neither agree nor disagree,Agree,Disagree,Agree,Agree,Disagree,Agree,Agree,Agree,Agree,Neither agree nor disagree,Agree,Agree,Neither agree nor disagree,Agree,Neither agree nor disagree,Neither agree nor disagree,Disagree,Agree,Neither agree nor disagree,Agree,Neither agree nor disagree,Neither agree nor disagree,no,yes
7-13-2023 23:09:35,18,female,12th,uttar pradesh ,uttar pradesh ,uttar pradesh ,uttar pradesh ,more than 2 hour,less than 1 hour,Nothing,disagree,disagree,Strongly agree,Agree,Strongly disagree,Neither agree nor disagree,Strongly disagree,Strongly disagree,Strongly agree,Strongly disagree,Strongly agree,Strongly disagree,Agree,Strongly disagree,Agree,Disagree,Disagree,Disagree,Disagree,Agree,Disagree,Agree,Strongly disagree,Agree,Disagree,Strongly disagree,Disagree,Disagree,Disagree,Disagree,no,yes
7-13-2023 23:11:55,17,male,10th,ghaziabad ,ghaziabad ,ghaziabad ,ghaziabad ,more than 1 hour,more than 2 hour,No change,disagree,disagree,Neither agree nor disagree,Disagree,Agree,Neither agree nor disagree,Agree,Disagree,Neither agree nor disagree,Strongly disagree,Neither agree nor disagree,Neither agree nor disagree,Agree,Disagree,Agree,Neither agree nor disagree,Agree,Agree,Agree,Disagree,Neither agree nor disagree,Neither agree nor disagree,Neither agree nor disagree,Neither agree nor disagree,Agree,Strongly disagree,Neither agree nor disagree,Neither agree nor disagree,Disagree,Neither agree nor disagree,no,yes
7-13-2023 23:24:29,20,male,12th,ghaziput,ghaziput,ghaziput,ghaziput,more than 2 hour,less than 1 hour,Just for fun,disagree,disagree,Agree,Agree,Disagree,Neither agree nor disagree,Disagree,Neither agree nor disagree,Neither agree nor disagree,Neither agree nor disagree,Disagree,Disagree,Disagree,Disagree,Disagree,Disagree,Disagree,Disagree,Disagree,Disagree,Disagree,Disagree,Disagree,Disagree,Disagree,Disagree,Disagree,Disagree,Disagree,Disagree,no,no
7-13-2023 23:51:17,15,male,9th,uttar pradesh,uttar pradesh,uttar pradesh,uttar pradesh,more than 1 hour,more than 1 hour,"I,m normal playing this game",disagree,disagree,Disagree,Disagree,Disagree,Agree,Disagree,Agree,Agree,Disagree,Agree,Disagree,Agree,Disagree,Disagree,Agree,Disagree,Disagree,Disagree,Agree,Disagree,Agree,Disagree,Agree,Strongly agree,Disagree,Disagree,Disagree,Disagree,Disagree,yes,yes
7-13-2023 23:57:23,23,male,Msc ,uttar pradesh,uttar pradesh,uttar pradesh,uttar pradesh,more than 5 hour,more than 5 hour,Feeling aggressive and glamourised offending ,agree,agree,Neither agree nor disagree,Strongly agree,Strongly disagree,Agree,Disagree,Agree,Strongly agree,Disagree,Disagree,Disagree,Agree,Disagree,Agree,Disagree,Neither agree nor disagree,Agree,Agree,Agree,Disagree,Disagree,Disagree,Agree,Agree,Disagree,Disagree,Agree,Neither agree nor disagree,Agree,no,yes
7-14-2023 0:05:34,21,male,15th,sanjay nagar ,sanjay nagar ,sanjay nagar ,sanjay nagar ,more than 1 hour,less than 1 hour,None,strongly disagree,strongly disagree,Neither agree nor disagree,Neither agree nor disagree,Disagree,Disagree,Strongly disagree,Disagree,Agree,Disagree,Strongly disagree,Disagree,Disagree,Disagree,Disagree,Disagree,Strongly disagree,Strongly disagree,Strongly disagree,Disagree,Disagree,Disagree,Disagree,Disagree,Agree,Disagree,Strongly disagree,Strongly disagree,Strongly disagree,Strongly disagree,yes,no
7-14-2023 8:22:02,20,male,Diploma ,uttar pradesh ,uttar pradesh ,uttar pradesh ,uttar pradesh ,less than 1 hour,less than 1 hour,Yes,agree,agree,Disagree,Disagree,Disagree,Neither agree nor disagree,Disagree,Neither agree nor disagree,Agree,Agree,Agree,Agree,Agree,Agree,Agree,Agree,Agree,Neither agree nor disagree,Neither agree nor disagree,Neither agree nor disagree,Neither agree nor disagree,Agree,Disagree,Agree,Agree,Agree,Disagree,Agree,Strongly disagree,Agree,no,yes
7-14-2023 11:32:18,18,male,12th,uttar pradesh,uttar pradesh,uttar pradesh,uttar pradesh,more than 3 hour,more than 2 hour,Frustatiom,niether disagree nor agree,niether disagree nor agree,Agree,Neither agree nor disagree,Disagree,Agree,Strongly disagree,Strongly agree,Disagree,Neither agree nor disagree,Disagree,Disagree,Agree,Strongly agree,Strongly agree,Strongly disagree,Strongly agree,Strongly disagree,Strongly agree,Strongly disagree,Disagree,Disagree,Strongly disagree,Strongly disagree,Neither agree nor disagree,Disagree,Strongly disagree,Disagree,Agree,Agree,yes,yes
7-14-2023 11:33:47,19,male,11th,uttar pradesh,uttar pradesh,uttar pradesh,uttar pradesh,more than 2 hour,more than 2 hour,feel like i must play more,strongly disagree,strongly disagree,Disagree,Agree,Disagree,Disagree,Agree,Neither agree nor disagree,Strongly agree,Agree,Disagree,Agree,Disagree,Strongly disagree,Agree,Disagree,Agree,Disagree,Disagree,Agree,Strongly disagree,Neither agree nor disagree,Agree,Disagree,Neither agree nor disagree,Disagree,Disagree,Disagree,Disagree,Disagree,no,no
7-14-2023 12:09:42,23 year old ,female,BS 4th year ,uttar pradesh ,uttar pradesh ,uttar pradesh ,uttar pradesh ,less than 1 hour,more than 1 hour,Increased aggression,agree,agree,Strongly agree,Strongly agree,Neither agree nor disagree,Agree,Agree,Neither agree nor disagree,Strongly agree,Agree,Neither agree nor disagree,Neither agree nor disagree,Strongly agree,Agree,Disagree,Neither agree nor disagree,Strongly agree,Strongly agree,Neither agree nor disagree,Disagree,Neither agree nor disagree,Agree,Agree,Agree,Agree,Agree,Agree,Neither agree nor disagree,Strongly agree,Neither agree nor disagree,yes,no
7-14-2023 12:25:12,18,male,Bachelors,uttar pradesh,uttar pradesh,uttar pradesh,uttar pradesh,more than 5 hour,more than 5 hour,I feel like playing out the same violent stunts as the actors in the videogame act out.,strongly agree,strongly agree,Strongly agree,Strongly agree,Strongly agree,Strongly agree,Strongly agree,Strongly agree,Strongly agree,Strongly agree,Agree,Strongly agree,Strongly agree,Neither agree nor disagree,Strongly agree,Strongly agree,Strongly agree,Strongly agree,Strongly agree,Strongly agree,Strongly agree,Strongly agree,Strongly agree,Strongly agree,Strongly agree,Strongly agree,Strongly agree,Strongly agree,Strongly agree,Strongly agree,yes,yes
7-14-2023 12:41:19,19,male,9th,uttar pradesh,uttar pradesh,uttar pradesh,uttar pradesh,more than 1 hour,more than 1 hour,Relaxed,disagree,disagree,Neither agree nor disagree,Disagree,Disagree,Neither agree nor disagree,Neither agree nor disagree,Disagree,Neither agree nor disagree,Neither agree nor disagree,Neither agree nor disagree,Agree,Disagree,Strongly disagree,Neither agree nor disagree,Disagree,Neither agree nor disagree,Disagree,Neither agree nor disagree,Agree,Strongly disagree,Neither agree nor disagree,Agree,Disagree,Neither agree nor disagree,Disagree,Neither agree nor disagree,Neither agree nor disagree,Strongly disagree,Neither agree nor disagree,no,no
7-14-2023 12:43:19,16,male,9th,uttar pradesh,uttar pradesh,uttar pradesh,uttar pradesh,less than 1 hour,less than 1 hour,Fun,niether disagree nor agree,niether disagree nor agree,Strongly disagree,Strongly disagree,Disagree,Neither agree nor disagree,Neither agree nor disagree,Disagree,Strongly disagree,Disagree,Disagree,Neither agree nor disagree,Strongly disagree,Disagree,Disagree,Strongly disagree,Neither agree nor disagree,Disagree,Strongly disagree,Strongly disagree,Disagree,Neither agree nor disagree,Disagree,Neither agree nor disagree,Disagree,Disagree,Strongly disagree,Strongly disagree,Strongly disagree,Disagree,no,yes
7-14-2023 12:58:35,20,female,12th,uttar pradesh,uttar pradesh,uttar pradesh,uttar pradesh,more than 2 hour,more than 2 hour,Motivated,agree,agree,Neither agree nor disagree,Agree,Neither agree nor disagree,Agree,Agree,Neither agree nor disagree,Agree,Neither agree nor disagree,Agree,Agree,Agree,Strongly disagree,Agree,Disagree,Agree,Strongly disagree,Disagree,Strongly agree,Strongly agree,Disagree,Agree,Agree,Agree,Strongly disagree,Neither agree nor disagree,Agree,Disagree,Agree,yes,no
7-14-2023 13:04:13,19,male,bs,uttar pradesh,uttar pradesh,uttar pradesh,uttar pradesh,more than 2 hour,more than 2 hour,i feel relaxed ,strongly disagree,strongly disagree,Disagree,Strongly disagree,Agree,Agree,Disagree,Disagree,Disagree,Disagree,Strongly disagree,Strongly disagree,Strongly disagree,Disagree,Disagree,Strongly disagree,Disagree,Disagree,Disagree,Disagree,Disagree,Disagree,Disagree,Disagree,Disagree,Disagree,Disagree,Disagree,Disagree,Disagree,no,no
7-14-2023 13:14:15,17,male,11th,uttar pradesh,uttar pradesh,uttar pradesh,uttar pradesh,more than 2 hour,more than 3 hour,Agrresive,agree,agree,Agree,Agree,Agree,Agree,Agree,Agree,Agree,Agree,Agree,Agree,Agree,Strongly agree,Agree,Agree,Agree,Agree,Agree,Agree,Disagree,Agree,Agree,Agree,Agree,Agree,Agree,Agree,Agree,Agree,yes,yes
7-14-2023 13:17:21,18,male,11th,uttar pradesh,uttar pradesh,uttar pradesh,uttar pradesh,more than 3 hour,more than 2 hour,Irritation,strongly disagree,strongly disagree,Disagree,Agree,Strongly agree,Agree,Agree,Disagree,Agree,Strongly disagree,Strongly agree,Agree,Disagree,Strongly disagree,Agree,Disagree,Agree,Disagree,Strongly disagree,Strongly agree,Disagree,Agree,Agree,Agree,Agree,Disagree,Disagree,Strongly agree,Strongly disagree,Strongly disagree,yes,yes
7-14-2023 13:31:25,25,male,16,uttar pradesh ,uttar pradesh ,uttar pradesh ,uttar pradesh ,less than 1 hour,less than 1 hour,No,strongly disagree,strongly disagree,Agree,Disagree,Disagree,Neither agree nor disagree,Neither agree nor disagree,Disagree,Neither agree nor disagree,Agree,Agree,Disagree,Agree,Strongly agree,Neither agree nor disagree,Neither agree nor disagree,Disagree,Strongly agree,Neither agree nor disagree,Neither agree nor disagree,Disagree,Disagree,Disagree,Neither agree nor disagree,Disagree,Agree,Neither agree nor disagree,Disagree,Disagree,Neither agree nor disagree,yes,no
7-14-2023 13:44:41,25,male,M.A special Education ,rajnagar ext.,rajnagar ext.,rajnagar ext.,rajnagar ext.,more than 1 hour,less than 1 hour,No changes,agree,agree,Agree,Agree,Disagree,Disagree,Disagree,Disagree,Agree,Disagree,Disagree,Disagree,Disagree,Disagree,Disagree,Agree,Agree,Disagree,Agree,Neither agree nor disagree,Disagree,Disagree,Disagree,Disagree,Disagree,Disagree,Disagree,Disagree,Disagree,Agree,no,yes
7-14-2023 13:53:52,19,male,12th,uttar pradesh ,uttar pradesh ,uttar pradesh ,uttar pradesh ,more than 2 hour,more than 2 hour,Idk,niether disagree nor agree,niether disagree nor agree,Agree,Neither agree nor disagree,Neither agree nor disagree,Neither agree nor disagree,Neither agree nor disagree,Neither agree nor disagree,Disagree,Strongly disagree,Disagree,Neither agree nor disagree,Disagree,Disagree,Disagree,Disagree,Neither agree nor disagree,Neither agree nor disagree,Strongly disagree,Neither agree nor disagree,Neither agree nor disagree,Disagree,Neither agree nor disagree,Neither agree nor disagree,Neither agree nor disagree,Neither agree nor disagree,Neither agree nor disagree,Neither agree nor disagree,Agree,Agree,yes,yes
7-14-2023 14:56:08,28,male,BA (AD),uttar pradesh ,uttar pradesh ,uttar pradesh ,uttar pradesh ,more than 1 hour,more than 1 hour,No,agree,agree,Strongly disagree,Strongly disagree,Strongly disagree,Strongly disagree,Strongly disagree,Strongly disagree,Strongly disagree,Neither agree nor disagree,Strongly disagree,Strongly disagree,Strongly disagree,Strongly disagree,Strongly disagree,Neither agree nor disagree,Agree,Agree,Strongly disagree,Strongly disagree,Strongly disagree,Strongly disagree,Strongly disagree,Strongly disagree,Strongly disagree,Strongly disagree,Strongly disagree,Strongly disagree,Strongly disagree,Strongly disagree,no,no
7-14-2023 15:36:08,20,male,12th,uttar pradesh ,uttar pradesh ,uttar pradesh ,uttar pradesh ,less than 1 hour,more than 2 hour,Nothing ,agree,agree,Neither agree nor disagree,Disagree,Disagree,Agree,Disagree,Strongly disagree,Strongly disagree,Neither agree nor disagree,Agree,Agree,Disagree,Disagree,Neither agree nor disagree,Neither agree nor disagree,Disagree,Disagree,Agree,Agree,Agree,Agree,Agree,Agree,Strongly agree,Strongly agree,Neither agree nor disagree,Disagree,Disagree,Neither agree nor disagree,yes,yes
7-14-2023 15:39:26,19,male,12th,muzaffarnagar,muzaffarnagar,muzaffarnagar,muzaffarnagar,more than 1 hour,more than 1 hour,Mm,disagree,disagree,Disagree,Strongly disagree,Neither agree nor disagree,Disagree,Neither agree nor disagree,Agree,Neither agree nor disagree,Neither agree nor disagree,Disagree,Neither agree nor disagree,Disagree,Agree,Strongly agree,Strongly disagree,Disagree,Neither agree nor disagree,Agree,Strongly agree,Strongly disagree,Disagree,Neither agree nor disagree,Agree,Strongly agree,Strongly disagree,Disagree,Neither agree nor disagree,Agree,Strongly agree,no,yes
7-14-2023 15:42:58,16,male,11th,uttar pradesh ,uttar pradesh ,uttar pradesh ,uttar pradesh ,more than 3 hour,more than 2 hour,Turned a bit angry ,agree,agree,Agree,Agree,Strongly disagree,Disagree,Neither agree nor disagree,Agree,Neither agree nor disagree,Strongly disagree,Agree,Strongly disagree,Strongly disagree,Disagree,Agree,Disagree,Neither agree nor disagree,Agree,Agree,Neither agree nor disagree,Neither agree nor disagree,Neither agree nor disagree,Neither agree nor disagree,Neither agree nor disagree,Agree,Agree,Neither agree nor disagree,Neither agree nor disagree,Neither agree nor disagree,Neither agree nor disagree,no,no
7-14-2023 15:47:47,15,female,10th,uttar pradesh,uttar pradesh,uttar pradesh,uttar pradesh,more than 1 hour,more than 1 hour,being angry,agree,agree,Agree,Strongly agree,Strongly disagree,Neither agree nor disagree,Agree,Agree,Agree,Strongly disagree,Strongly agree,Strongly disagree,Agree,Strongly disagree,Neither agree nor disagree,Disagree,Strongly agree,Strongly disagree,Neither agree nor disagree,Agree,Strongly disagree,Neither agree nor disagree,Strongly disagree,Strongly agree,Neither agree nor disagree,Strongly disagree,Strongly disagree,Neither agree nor disagree,Strongly disagree,Neither agree nor disagree,no,no
7-14-2023 15:55:15,16,male,11th,uttar pradesh,uttar pradesh,uttar pradesh,uttar pradesh,more than 1 hour,more than 1 hour,None ,disagree,disagree,Neither agree nor disagree,Agree,Neither agree nor disagree,Disagree,Disagree,Neither agree nor disagree,Disagree,Neither agree nor disagree,Disagree,Agree,Neither agree nor disagree,Strongly disagree,Agree,Disagree,Disagree,Disagree,Neither agree nor disagree,Strongly agree,Strongly disagree,Disagree,Agree,Strongly disagree,Disagree,Disagree,Strongly disagree,Strongly disagree,Disagree,Disagree,no,no
7-14-2023 16:03:31,15,male,11th,uttar pradesh,uttar pradesh,uttar pradesh,uttar pradesh,more than 3 hour,more than 3 hour,None,disagree,disagree,Disagree,Agree,Strongly disagree,Strongly disagree,Strongly disagree,Disagree,Strongly agree,Disagree,Disagree,Strongly disagree,Strongly disagree,Strongly disagree,Neither agree nor disagree,Strongly disagree,Agree,Agree,Neither agree nor disagree,Strongly agree,Neither agree nor disagree,Strongly disagree,Strongly disagree,Agree,Disagree,Strongly disagree,Strongly disagree,Strongly disagree,Strongly disagree,Agree,no,no
7-14-2023 16:29:21,15,male,11th,uttar pradesh ,uttar pradesh ,uttar pradesh ,uttar pradesh ,more than 3 hour,more than 3 hour,"People respond differently for me it?s nothing , I feel good and less tired and I think that people feel good around me once I?m relaxed by playing games",niether disagree nor agree,niether disagree nor agree,Strongly agree,Neither agree nor disagree,Neither agree nor disagree,Neither agree nor disagree,Agree,Neither agree nor disagree,Agree,Agree,Strongly agree,Neither agree nor disagree,Agree,Disagree,Strongly disagree,Disagree,Agree,Agree,Neither agree nor disagree,Agree,Agree,Neither agree nor disagree,Agree,Strongly agree,Disagree,Disagree,Neither agree nor disagree,Strongly disagree,Neither agree nor disagree,Agree,no,no
7-14-2023 17:03:51,20,male,12th,greater noida,greater noida,greater noida,greater noida,more than 1 hour,less than 1 hour,Noting ,strongly disagree,strongly disagree,Disagree,Neither agree nor disagree,Agree,Disagree,Neither agree nor disagree,Neither agree nor disagree,Agree,Strongly disagree,Disagree,Neither agree nor disagree,Disagree,Strongly disagree,Strongly disagree,Neither agree nor disagree,Neither agree nor disagree,Strongly agree,Strongly agree,Agree,Disagree,Strongly agree,Strongly disagree,Strongly agree,Strongly agree,Strongly disagree,Strongly disagree,Strongly disagree,Strongly disagree,Disagree,no,no
7-14-2023 17:23:13,23,male,M A,noida,noida,noida,noida,more than 2 hour,more than 2 hour,Nice,agree,agree,Agree,Agree,Agree,Agree,Agree,Agree,Agree,Agree,Agree,Agree,Agree,Agree,Agree,Agree,Agree,Agree,Agree,Agree,Agree,Agree,Agree,Agree,Agree,Agree,Agree,Agree,Agree,Agree,yes,yes
7-14-2023 22:10:08,18,female,12th,uttar pradesh,uttar pradesh,uttar pradesh,uttar pradesh,more than 1 hour,more than 1 hour,Nothing,disagree,disagree,Agree,Agree,Disagree,Disagree,Strongly disagree,Disagree,Agree,Strongly disagree,Neither agree nor disagree,Disagree,Agree,Disagree,Neither agree nor disagree,Disagree,Agree,Neither agree nor disagree,Disagree,Agree,Neither agree nor disagree,Neither agree nor disagree,Disagree,Neither agree nor disagree,Disagree,Disagree,Disagree,Disagree,Disagree,Neither agree nor disagree,no,yes
7-15-2023 1:18:11,17,male,Bachelors,uttar pradesh,uttar pradesh,uttar pradesh,uttar pradesh,less than 1 hour,less than 1 hour,"I have since given up on video games but when I used to play, I used to feel dissatisfied by the way I was spending my time/life. Perhaps it contributed to the general feeling of demoralization. It certainly didn't improve my overall mental stability and and weakened my mental strength and resolve, perhaps even contributed to loss of emotional control.",strongly disagree,strongly disagree,Agree,Agree,Neither agree nor disagree,Disagree,Strongly disagree,Neither agree nor disagree,Agree,Disagree,Disagree,Disagree,Disagree,Strongly disagree,Neither agree nor disagree,Neither agree nor disagree,Neither agree nor disagree,Strongly disagree,Neither agree nor disagree,Neither agree nor disagree,Strongly disagree,Disagree,Agree,Strongly disagree,Strongly disagree,Disagree,Strongly disagree,Strongly disagree,Strongly disagree,Strongly disagree,no,no
7-15-2023 2:52:12,18,male,12th,jammu,jammu,jammu,jammu,more than 3 hour,more than 3 hour,Bad behaviour,agree,agree,Disagree,Agree,Strongly agree,Strongly disagree,Agree,Strongly disagree,Agree,Strongly disagree,Agree,Strongly agree,Agree,Disagree,Disagree,Neither agree nor disagree,Agree,Strongly agree,Strongly agree,Agree,Agree,Agree,Agree,Agree,Strongly agree,Agree,Disagree,Disagree,Strongly disagree,Neither agree nor disagree,no,yes
7-16-2023 10:10:04,20,male,Doctor of veterinary medicine  ,jammu,jammu,jammu,jammu,more than 1 hour,more than 1 hour,I am now somehow furious and depressed ,agree,agree,Strongly agree,Strongly agree,Disagree,Disagree,Disagree,Neither agree nor disagree,Agree,Disagree,Agree,Disagree,Agree,Strongly disagree,Strongly disagree,Strongly disagree,Disagree,Disagree,Neither agree nor disagree,Strongly disagree,Neither agree nor disagree,Agree,Agree,Disagree,Disagree,Strongly disagree,Neither agree nor disagree,Neither agree nor disagree,Strongly disagree,Neither agree nor disagree,no,yes
7-16-2023 20:02:55,15,female,9th,uttar pradesh,uttar pradesh,uttar pradesh,uttar pradesh,more than 1 hour,more than 1 hour,Tried to Follow some Techniques ,disagree,disagree,Agree,Disagree,Strongly disagree,Agree,Strongly disagree,Strongly disagree,Strongly disagree,Strongly disagree,Neither agree nor disagree,Strongly disagree,Agree,Strongly disagree,Neither agree nor disagree,Disagree,Agree,Agree,Disagree,Disagree,Disagree,Agree,Agree,Neither agree nor disagree,Disagree,Disagree,Disagree,Disagree,Disagree,Disagree,no,no
7-16-2023 20:08:21,15,female,9th,uttar pradesh,uttar pradesh,uttar pradesh,uttar pradesh,less than 1 hour,less than 1 hour,Sometimes angry on siblings ,agree,agree,Agree,Agree,Disagree,Agree,Agree,Agree,Agree,Agree,Agree,Agree,Disagree,Agree,Agree,Disagree,Agree,Agree,Disagree,Agree,Disagree,Agree,Disagree,Agree,Agree,Disagree,Agree,Agree,Agree,Agree,yes,yes
7-16-2023 20:34:13,16,female,12th,kashmir,kashmir,kashmir,kashmir,less than 1 hour,less than 1 hour,Can't takes its seriously.,niether disagree nor agree,niether disagree nor agree,Disagree,Agree,Disagree,Disagree,Strongly disagree,Neither agree nor disagree,Neither agree nor disagree,Strongly disagree,Neither agree nor disagree,Disagree,Strongly agree,Agree,Strongly disagree,Strongly disagree,Neither agree nor disagree,Disagree,Neither agree nor disagree,Strongly agree,Disagree,Disagree,Neither agree nor disagree,Strongly agree,Disagree,Disagree,Strongly disagree,Agree,Strongly disagree,Disagree,no,no
7-16-2023 22:07:25,19,male,9th,uttar pradesh ,uttar pradesh ,uttar pradesh ,uttar pradesh ,more than 2 hour,more than 2 hour,Excited,niether disagree nor agree,niether disagree nor agree,Agree,Agree,Neither agree nor disagree,Disagree,Disagree,Neither agree nor disagree,Agree,Disagree,Agree,Disagree,Disagree,Neither agree nor disagree,Neither agree nor disagree,Disagree,Disagree,Neither agree nor disagree,Disagree,Neither agree nor disagree,Neither agree nor disagree,Disagree,Disagree,Neither agree nor disagree,Strongly disagree,Agree,Disagree,Disagree,Disagree,Agree,yes,no
7-16-2023 22:42:26,15,female,10th,uttar pradesh,uttar pradesh,uttar pradesh,uttar pradesh,less than 1 hour,less than 1 hour,No change,niether disagree nor agree,niether disagree nor agree,Neither agree nor disagree,Agree,Disagree,Agree,Disagree,Neither agree nor disagree,Agree,Disagree,Agree,Disagree,Disagree,Strongly disagree,Agree,Neither agree nor disagree,Agree,Neither agree nor disagree,Neither agree nor disagree,Disagree,Disagree,Neither agree nor disagree,Disagree,Agree,Neither agree nor disagree,Neither agree nor disagree,Disagree,Strongly disagree,Disagree,Agree,no,yes
7-16-2023 22:49:19,20,female,12th,uttar pradesh,uttar pradesh,uttar pradesh,uttar pradesh,less than 1 hour,less than 1 hour,No changes,disagree,disagree,Agree,Agree,Strongly agree,Agree,Strongly disagree,Disagree,Neither agree nor disagree,Strongly disagree,Strongly agree,Agree,Strongly agree,Strongly disagree,Strongly agree,Neither agree nor disagree,Strongly agree,Agree,Strongly agree,Strongly agree,Agree,Disagree,Disagree,Strongly agree,Agree,Agree,Disagree,Strongly disagree,Strongly disagree,Strongly disagree,no,yes
7-16-2023 22:57:50,15,male,9th,uttar pradesh,uttar pradesh,uttar pradesh,uttar pradesh,more than 5 hour,more than 5 hour,I want to shoot every moving thing on earth.,strongly agree,strongly agree,Agree,Strongly agree,Strongly agree,Strongly agree,Disagree,Strongly agree,Neither agree nor disagree,Strongly disagree,Strongly agree,Strongly agree,Neither agree nor disagree,Neither agree nor disagree,Agree,Agree,Agree,Agree,Agree,Strongly agree,Agree,Neither agree nor disagree,Agree,Neither agree nor disagree,Agree,Agree,Neither agree nor disagree,Agree,Neither agree nor disagree,Neither agree nor disagree,no,yes
7-16-2023 23:00:12,17,male,12th,uttar pradesh,uttar pradesh,uttar pradesh,uttar pradesh,more than 3 hour,more than 2 hour,I see everyone as my target and sometimes I wanted to implement the game scenario in real life. ,disagree,disagree,Strongly agree,Agree,Strongly disagree,Disagree,Strongly disagree,Strongly disagree,Agree,Strongly disagree,Strongly agree,Strongly disagree,Agree,Strongly disagree,Agree,Strongly disagree,Agree,Strongly disagree,Strongly disagree,Agree,Agree,Strongly disagree,Strongly disagree,Strongly disagree,Strongly disagree,Disagree,Strongly disagree,Strongly disagree,Strongly disagree,Disagree,yes,no
7-16-2023 23:06:29,18,female,12th,uttar pradesh,uttar pradesh,uttar pradesh,uttar pradesh,less than 1 hour,more than 1 hour,No,strongly disagree,strongly disagree,Strongly disagree,Strongly agree,Strongly disagree,Strongly agree,Strongly disagree,Strongly disagree,Agree,Strongly agree,Strongly agree,Strongly disagree,Agree,Strongly disagree,Strongly disagree,Strongly agree,Strongly disagree,Strongly agree,Strongly agree,Strongly agree,Disagree,Strongly agree,Strongly agree,Strongly agree,Strongly disagree,Agree,Strongly disagree,Strongly disagree,Strongly disagree,Agree,no,no
7-16-2023 23:31:26,15,female,9th,kanpur ,kanpur ,kanpur ,kanpur ,more than 3 hour,more than 2 hour,nothing,niether disagree nor agree,niether disagree nor agree,Agree,Neither agree nor disagree,Strongly agree,Agree,Strongly agree,Strongly agree,Agree,Strongly disagree,Strongly agree,Agree,Disagree,Strongly disagree,Agree,Strongly agree,Strongly disagree,Neither agree nor disagree,Neither agree nor disagree,Strongly agree,Neither agree nor disagree,Neither agree nor disagree,Agree,Agree,Neither agree nor disagree,Disagree,Strongly disagree,Strongly disagree,Agree,Neither agree nor disagree,no,no
7-17-2023 0:14:39,20,male,12th,uttar pradesh,uttar pradesh,uttar pradesh,uttar pradesh,more than 2 hour,more than 2 hour,Nothing ,strongly agree,strongly agree,Neither agree nor disagree,Neither agree nor disagree,Strongly disagree,Disagree,Strongly agree,Strongly disagree,Agree,Agree,Agree,Neither agree nor disagree,Neither agree nor disagree,Disagree,Neither agree nor disagree,Neither agree nor disagree,Neither agree nor disagree,Neither agree nor disagree,Neither agree nor disagree,Neither agree nor disagree,Neither agree nor disagree,Neither agree nor disagree,Agree,Strongly agree,Neither agree nor disagree,Strongly agree,Neither agree nor disagree,Neither agree nor disagree,Neither agree nor disagree,Neither agree nor disagree,no,yes
7-17-2023 0:22:08,20,female,Bsc (hons),uttar pradesh,uttar pradesh,uttar pradesh,uttar pradesh,more than 1 hour,less than 1 hour,Getting annoyed easily ,niether disagree nor agree,niether disagree nor agree,Agree,Neither agree nor disagree,Disagree,Neither agree nor disagree,Disagree,Neither agree nor disagree,Agree,Strongly disagree,Disagree,Disagree,Agree,Disagree,Neither agree nor disagree,Agree,Neither agree nor disagree,Neither agree nor disagree,Neither agree nor disagree,Neither agree nor disagree,Disagree,Agree,Agree,Neither agree nor disagree,Neither agree nor disagree,Neither agree nor disagree,Disagree,Disagree,Disagree,Disagree,no,yes
7-17-2023 0:38:42,20,female,12th,uttar pradesh,uttar pradesh,uttar pradesh,uttar pradesh,more than 3 hour,less than 1 hour,Nothing ,niether disagree nor agree,niether disagree nor agree,Agree,Strongly disagree,Agree,Disagree,Strongly disagree,Agree,Agree,Disagree,Agree,Disagree,Disagree,Disagree,Agree,Agree,Disagree,Agree,Agree,Disagree,Agree,Agree,Agree,Agree,Disagree,Disagree,Agree,Agree,Neither agree nor disagree,Agree,no,yes
7-17-2023 0:40:29,19,female,12th,uttar pradesh,uttar pradesh,uttar pradesh,uttar pradesh,less than 1 hour,less than 1 hour,No change,niether disagree nor agree,niether disagree nor agree,Strongly agree,Strongly disagree,Agree,Agree,Strongly disagree,Neither agree nor disagree,Agree,Agree,Agree,Disagree,Agree,Disagree,Agree,Strongly agree,Strongly agree,Strongly agree,Neither agree nor disagree,Neither agree nor disagree,Disagree,Neither agree nor disagree,Neither agree nor disagree,Neither agree nor disagree,Neither agree nor disagree,Neither agree nor disagree,Neither agree nor disagree,Neither agree nor disagree,Neither agree nor disagree,Neither agree nor disagree,no,no
7-17-2023 0:45:43,20,female,12th,uttar pradesh,uttar pradesh,uttar pradesh,uttar pradesh,more than 3 hour,less than 1 hour,Annoying ,agree,agree,Agree,Agree,Strongly agree,Strongly agree,Strongly disagree,Neither agree nor disagree,Agree,Neither agree nor disagree,Agree,Agree,Disagree,Strongly disagree,Disagree,Agree,Agree,Strongly disagree,Disagree,Strongly agree,Agree,Strongly disagree,Disagree,Strongly disagree,Strongly agree,Agree,Agree,Strongly agree,Agree,Neither agree nor disagree,no,no
7-17-2023 0:46:05,18,female,12th,uttar pradesh,uttar pradesh,uttar pradesh,uttar pradesh,more than 5 hour,more than 3 hour,Maybe I fight with everyone ,agree,agree,Neither agree nor disagree,Agree,Agree,Agree,Neither agree nor disagree,Agree,Neither agree nor disagree,Disagree,Agree,Neither agree nor disagree,Agree,Disagree,Agree,Neither agree nor disagree,Agree,Neither agree nor disagree,Agree,Agree,Neither agree nor disagree,Agree,Agree,Agree,Agree,Neither agree nor disagree,Agree,Agree,Agree,Agree,yes,yes
7-17-2023 0:51:37,16,male,10th,uttar pradesh,uttar pradesh,uttar pradesh,uttar pradesh,less than 1 hour,less than 1 hour,Aggressiveness ,agree,agree,Agree,Disagree,Disagree,Disagree,Neither agree nor disagree,Neither agree nor disagree,Neither agree nor disagree,Neither agree nor disagree,Neither agree nor disagree,Neither agree nor disagree,Neither agree nor disagree,Neither agree nor disagree,Neither agree nor disagree,Neither agree nor disagree,Neither agree nor disagree,Disagree,Disagree,Disagree,Disagree,Disagree,Neither agree nor disagree,Neither agree nor disagree,Neither agree nor disagree,Neither agree nor disagree,Disagree,Disagree,Neither agree nor disagree,Neither agree nor disagree,no,no
7-17-2023 0:53:32,19,female,Bs interior designing ,kerala,kerala,kerala,kerala,less than 1 hour,less than 1 hour,Rybvj,agree,agree,Agree,Neither agree nor disagree,Agree,Neither agree nor disagree,Disagree,Disagree,Strongly disagree,Disagree,Disagree,Disagree,Disagree,Strongly disagree,Strongly disagree,Agree,Disagree,Agree,Agree,Neither agree nor disagree,Strongly disagree,Disagree,Neither agree nor disagree,Disagree,Disagree,Strongly disagree,Disagree,Neither agree nor disagree,Neither agree nor disagree,Agree,yes,yes
7-17-2023 1:04:23,20,male,12th,uttar pradesh,uttar pradesh,uttar pradesh,uttar pradesh,more than 3 hour,more than 3 hour,Relaxed,agree,agree,Agree,Agree,Neither agree nor disagree,Agree,Agree,Agree,Agree,Neither agree nor disagree,Strongly agree,Agree,Agree,Strongly disagree,Neither agree nor disagree,Neither agree nor disagree,Agree,Neither agree nor disagree,Disagree,Strongly agree,Neither agree nor disagree,Neither agree nor disagree,Agree,Agree,Agree,Neither agree nor disagree,Disagree,Neither agree nor disagree,Strongly disagree,Neither agree nor disagree,no,no
7-17-2023 1:14:02,18,female,Bba,uttar pradesh ,uttar pradesh ,uttar pradesh ,uttar pradesh ,less than 1 hour,less than 1 hour,Nothing ,strongly disagree,strongly disagree,Disagree,Disagree,Strongly agree,Agree,Agree,Agree,Agree,Neither agree nor disagree,Neither agree nor disagree,Strongly agree,Neither agree nor disagree,Disagree,Strongly disagree,Strongly disagree,Strongly agree,Strongly agree,Disagree,Agree,Strongly agree,Strongly agree,Strongly agree,Agree,Disagree,Strongly agree,Neither agree nor disagree,Neither agree nor disagree,Neither agree nor disagree,Neither agree nor disagree,yes,yes
7-17-2023 1:36:27,18,male,BS Commerce ,uttar pradesh,uttar pradesh,uttar pradesh,uttar pradesh,more than 1 hour,less than 1 hour,Nothing ,strongly disagree,strongly disagree,Neither agree nor disagree,Neither agree nor disagree,Neither agree nor disagree,Neither agree nor disagree,Neither agree nor disagree,Neither agree nor disagree,Neither agree nor disagree,Neither agree nor disagree,Neither agree nor disagree,Neither agree nor disagree,Neither agree nor disagree,Neither agree nor disagree,Neither agree nor disagree,Neither agree nor disagree,Neither agree nor disagree,Neither agree nor disagree,Neither agree nor disagree,Neither agree nor disagree,Neither agree nor disagree,Neither agree nor disagree,Neither agree nor disagree,Neither agree nor disagree,Neither agree nor disagree,Neither agree nor disagree,Neither agree nor disagree,Neither agree nor disagree,Neither agree nor disagree,Neither agree nor disagree,no,no
7-17-2023 2:28:33,18,female,12th,bulandshr,bulandshr,bulandshr,bulandshr,more than 1 hour,more than 1 hour,Not any,agree,agree,Strongly agree,Agree,Strongly disagree,Agree,Strongly disagree,Neither agree nor disagree,Agree,Strongly disagree,Agree,Strongly disagree,Agree,Strongly disagree,Agree,Agree,Agree,Disagree,Neither agree nor disagree,Agree,Disagree,Neither agree nor disagree,Disagree,Agree,Agree,Disagree,Disagree,Disagree,Disagree,Agree,no,yes
7-17-2023 2:35:12,15,male,9th,kanpur,kanpur,kanpur,kanpur,more than 3 hour,less than 1 hour,Nothing,strongly disagree,strongly disagree,Strongly disagree,Agree,Strongly disagree,Neither agree nor disagree,Strongly disagree,Agree,Neither agree nor disagree,Strongly disagree,Disagree,Strongly disagree,Agree,Strongly disagree,Agree,Disagree,Agree,Agree,Agree,Agree,Strongly disagree,Disagree,Strongly disagree,Agree,Disagree,Strongly disagree,Neither agree nor disagree,Strongly disagree,Strongly disagree,Strongly disagree,no,no
7-17-2023 3:18:16,23,male,Graduate,uttar pradesh,uttar pradesh,uttar pradesh,uttar pradesh,less than 1 hour,less than 1 hour,Nothing,niether disagree nor agree,niether disagree nor agree,Neither agree nor disagree,Neither agree nor disagree,Neither agree nor disagree,Disagree,Disagree,Neither agree nor disagree,Neither agree nor disagree,Neither agree nor disagree,Neither agree nor disagree,Neither agree nor disagree,Neither agree nor disagree,Neither agree nor disagree,Neither agree nor disagree,Neither agree nor disagree,Neither agree nor disagree,Neither agree nor disagree,Neither agree nor disagree,Neither agree nor disagree,Neither agree nor disagree,Neither agree nor disagree,Neither agree nor disagree,Neither agree nor disagree,Neither agree nor disagree,Neither agree nor disagree,Neither agree nor disagree,Neither agree nor disagree,Neither agree nor disagree,Neither agree nor disagree,no,yes
